Altium Designer Pick and Place Locations,,,,
D:\ALTIUM 18\PCB DESIGN\ARDUINO\ATMEGA2560\REV_041221\Project Outputs for ATMEGA2560\Pick Place for LAYOUT.csv,,,,
,,,,
========================================================================================================================,,,,
File Design Information:,,,,
,,,,
Date:       05/12/21,,,,
Time:       21:44,,,,
Revision:   Not in VersionControl,,,,
Variant:    No variations,,,,
Units used: mm,,,,
,,,,
Designator,Comment,Footprint,Footprint Description,Description
R12,0R,0805_R_L,RES,resistor
D4,SMAJ48CA,TVS_214AC,"214AC,SMA",
D5,"MMSZ5231BT1G ,5.1V",DIODE_SMD_SOD_123,1206,
JP1,JUMPER,jum_power,,
C15,"1UF,16V",NFM21PC105B1A3D,,
R8,1MOHM,0603_R_L,RES,resistor
C19,"CAP,16V",cap_smd_0603,,
C7,"104,16V",cap_smd_0603,,
T1,TRANS,C1815,,
R33,47.5K,0603_R_L,RES,resistor
R30,4K7,0603_R_L,RES,resistor
R11,4K7,0603_R_L,RES,resistor
R10,4K7,0603_R_L,RES,resistor
D3,"MDD, SS36, 3A,60V",DIODE_SMD_DO_214AC,,
C27,"104,50V",cap_smd_0603,,
C18,"104,16V",cap_smd_0603,,
PS4,MARK,ps1,,
PS3,MARK,ps1,,
PS2,MARK,ps1,,
PS1,MARK,ps1,,
R18,10R,0603_R_L,RES,resistor
R17,10R,0603_R_L,RES,resistor
H3,CN,4X01P_C_T,,
XTAL1,"SMD 3225,16MHZ",32x25mm,,
USB1,USB_C_16P,CUS31738616001,USB TYPE C 3.1 16 PIN,
U1,ATMEGA2560-AU,ATMEGA2560_AU,LQFP-100,
R32,4K7,0603_R_L,RES,resistor
R31,2K,0603_R_L,RES,resistor
R28,4.7K,0603_R_L,RES,resistor
R27,4.7K,0603_R_L,RES,resistor
R26,4K7,0603_R_L,RES,resistor
R29,10K,0603_R_L,RES,resistor
R25,1K,0603_R_L,RES,resistor
R24,4K7,0603_R_L,RES,resistor
R23,1K,0603_R_L,RES,resistor
R22,47.5K,0603_R_L,RES,resistor
R21,22.1K,0603_R_L,RES,resistor
R20,10R,0603_R_L,RES,resistor
R19,10R,0603_R_L,RES,resistor
R9,10K,0603_R_L,RES,resistor
R7,10K,0603_R_L,RES,resistor
R16,100R,0603_R_L,RES,resistor
R15,5K1,0603_R_L,RES,resistor
R14,100R,0603_R_L,RES,resistor
R13,5K1,0603_R_L,RES,resistor
R6,84.5K,0603_R_L,RES,resistor
R5,162K,0603_R_L,RES,resistor
R4,10.2K,0603_R_L,RES,resistor
R3,13K,0603_R_L,RES,resistor
R2,523K,0603_R_L,RES,resistor
R1,53.6K,0603_R_L,RES,resistor
L4,LED-BLINK,led_0603_blue,,
L3,LED,led_0603_blue,,
L2,RX,led_0603_blue,,
L1,TX,led_0603_blue,,
J3,CN,DC_POWER,5.5X2.1MM,
J2,CN,DC_POWER,5.5X2.1MM,
J1,CN,DC_POWER,5.5X2.1MM,
IC4,TL331I,SOT-23-5,,
IC3,CP2102N,CP2102N-A02,CP2102N-A02-GQFN28,
IC2,TPS54360DDAR,TPS54360DDAR,BUCK 4.5-60V INPUT,
IC1,ASM117,ASM1117,,
I1,"8.2UH,0630,4A",630,,"INDUCTOR ,CD47,100,150UH,SIZE 12X12X7"
H9,CN,2x18P_C_T_254MM,,
H8,CN,8X01P_C_T,,
H7,CN,8X01P_C_T,,
H6,CN,3X02P_T,,
H5,CN,8X01P_C_T,,
H4,CN,8X01P_C_T,,
H2,CN,8X01P_C_T,,
H1,CN,10X01P_C_T,,
FET1,FDN340P,FDN340P,"MOSFET,P CHANNEL,2A",
F1,FUSE2P,fuse_1206,,
D7,"B5819W,1A,40V",DIODE_SMD_SOD_123,1206,
D6,SM05C,SMF5C,,
D2,"SS56,5A-60V",DIODE_SMD_DO_214AB,,
D1,"B5819W,1A,40V",DIODE_SMD_SOD_123,1206,
C14,"15pF,25V",cap_smd_0603,,
C13,"15pF,25V",cap_smd_0603,,
C28,"22pF,25V",cap_smd_0603,,
C17,"104,16V",cap_smd_0603,,
C16,"104,16V",cap_smd_0603,,
C26,"104,16V",cap_smd_0603,,
C25,"4.7UF,10V",cap_smd_0603,,
C24,"104,16V",cap_smd_0603,,
C23,"4.7UF,10V",cap_smd_0603,,
C21,"104,16V",cap_smd_0603,,
C20,"104,25V",cap_smd_0603,,
C22,"104,16V",cap_smd_0603,,
C12,"6.8NF,50V",cap_smd_0603,,
C11,"104,100V",cap_smd_0805,,
C10,"2.2UF,100V",CAP_ALU_C_5MM,"CAPACITOR SMD ALU,5MM,SIZE C",
C9,"2.2UF,100V",CAP_ALU_C_5MM,"CAPACITOR SMD ALU,5MM,SIZE C",
C8,"39PF,50V",cap_smd_0603,,
C6,"104,16V",cap_smd_0603,,
C5,"104,16V",cap_smd_0603,,
C4,"47UF,16V",CAP_SMD_1210,,
C3,"47UF,16V",CAP_SMD_1210,,
C2,"47UF,16V",CAP_SMD_1210,,
C1,"104,50V",cap_smd_0603,,
BTN1,BUTTON,BTN_4X4MM,,
